,Builder Name,Builder Rating,Phone Numbers,Address,Work They Do,WorkingHours,Year Established
0, Raghava Associates,3.7,+(91)-9885112999 9396969469 ,"Door No 31-22-10, Srinivasa Bank Colony, Ring Road, Vijayawada - 520008, Near ICICI Bank", * Builders * Architects * Construction Companies * Land Surveyors * Building Contractors * Architects For Building * Building Plan * Contractors-Interiors * Commercial Architects * Architect Interior * Civil Engineer Contractor * Architects For Landscape * Residential Building Contractors * Building Renovation Contractors * Architects For Office * Consultant Engineer Civil * Industrial Architects * Builders & Promoters * Architects For Hotels * Government Approved Construction Contractors * Interior Decorators For Modular Kitchen * Consultant Architect * Architects For Resorts * Government Approved Civil Engineers * Commercial Building Contractors * Architects For Bungalow * Building Contractors Appartment * Architects For Restaurant * Architects For Church * Architects For Schools * Architect Designer * Architects For Mall * Building Reconstruction Contractors * Building Contractor Flat * Commercial Construction Companies * Architects For Bank * Architects For Project * Architects For Business Centre * Turnkey Contractors For Industrial * Turnkey Contractors * Architects For Factory * Architects For Showroom * Engineers-Contracting * Building Contractors Apartment * Architects For Residential Less,"{'Thursday': '09:00 am - 09:00 pm', 'Sunday': '09:00 am - 09:00 pm', 'Monday': '09:00 am - 09:00 pm', 'Saturday': '09:00 am - 09:00 pm', 'Friday': '09:00 am - 09:00 pm', 'Tuesday': '09:00 am - 09:00 pm', 'Wednesday': '09:00 am - 09:00 pm'}", 2000
1, Harsha Architect,4.9,+(91)-7702600999 7306064965 ,"Door No 57-13-15/7, New Postal Colony, Church Road, Patamata, Vijayawada - 520010", * Architects * Interior Designers * Architects For Building * Interior Designers For Office * Interior Designers For Institution * Commercial Architects * Architects For Temple * Interior Designers for Residential Spaces * Architect Interior * Commercial Interior Designers * Architects For Landscape * Architects Structural Design Civil * Interior Designers For Shopping Mall * 3D Interior Designers * Interior Designers For Shops * Architects For Office * Architects For Hotels * Industrial Architects * Interior Designers For Wall * Architects For Resorts * Architects & Interior Decorator * Architects For Bungalow * Architects For Apartment * Interior Designers For Architect * Architects For Water Park * Architects For Restaurant * Architects For Petrol Pumps * Architects For Schools * Interior Designers For Jewellery Showroom * Architects For Hospital * Interior Designers For Restaurant * Turnkey Project For Interior Designers * Interior Graphic Designers * Architect Chartered * Interior Designers For Showroom * Architects For Mall * Interior Designers For Beauty Parlour * Interior Designers For Cinema Hall * Architect Designer * Sustainable Architects * Interior Designers For Salons * Architects For Bank * Architects For Auditorium * Interior Designers For Apartment * Interior Designers & Consultants * Interior Designers For Factory * Insurance Architect * Interior Designers For School * Roman Architects * PVC Interior Designers * Interior Designer Corporate * Interior Designers For Industrial * Interior Designers Business Centre * Interior Designers For Hotels * Interior Designers For Lab * Interior Designers For Lobby * Interior Designers For Penthouse * Interior Designer Departmental Store * Architects For Showroom * Interior Designers For Stalls * Interior Designers For Studio * Interior Designers For Temple * Interior Designer Consultants * Interior Designers Call Centre * Architects For Factory * Architects For Departmental Store * Architects For Residential Less,"{'Thursday': '12:00 am - 11:59 pm', 'Sunday': '12:00 am - 11:59 pm', 'Monday': '12:00 am - 11:59 pm', 'Saturday': '12:00 am - 11:59 pm', 'Friday': '12:00 am - 11:59 pm', 'Tuesday': '12:00 am - 11:59 pm', 'Wednesday': '12:00 am - 11:59 pm'}", 2010
2, Ramakrishna Associates,5.0,+(91)-866-2567162 +(91)-9866267162 ,"House No 11-25-355, Main Road, One Town, Vijayawada - 520001, Samarangham Chowk", * Interior Designers * Architects * Architects For Building * Structural Engineers * Commercial Architects * Architect Interior * Architects For Residential Less,"{'Thursday': '10:00 am - 09:00 pm', 'Sunday': 'Closed', 'Monday': '10:00 am - 09:00 pm', 'Saturday': '10:00 am - 09:00 pm', 'Friday': '10:00 am - 09:00 pm', 'Tuesday': '10:00 am - 09:00 pm', 'Wednesday': '10:00 am - 09:00 pm'}", 1989
3, Enliven Creations,4.5,+(91)-8978929137 9030807630 ,"House No 54-18-99/A, Road No 1, Siddhartha Nagar, Vijayawada - 520010, Opposite Andhra Bank, Near Amma Kalyana Mandapam", * Interior Designers * Architects * Interior Decorators * Architects For Building * Interior Decorators for Residences * Interior Decorators For Office * Architectures * Interior Designers For Office * Residence Interior Designers * Interior Decorators For Shop * Exterior Designers * Interior Decorators For Hotel * Interior Decorators For Showroom * Interior Decorators For Hospital * Interior Designers For Corporate * Architects For Mall * Interior Decorators For Pubs * Architects For Shopping Centre * Interior Decorator Hotel Kitchen * Architects For Business Centre * Interior Decorators For Bungalow * Architects For Call Centre * Architects For Residential Less,"{'Thursday': '09:30 am - 09:30 pm', 'Sunday': '09:30 am - 09:30 pm', 'Monday': '09:30 am - 09:30 pm', 'Saturday': '09:30 am - 09:30 pm', 'Friday': '09:30 am - 09:30 pm', 'Tuesday': '09:30 am - 09:30 pm', 'Wednesday': '09:30 am - 09:30 pm'}", 2010
4, BHAVISHYA PROJECTS,4.5,+(91)-9642065250 ,"Door No 12-13-8, Abdul Khadir Street, One Town, Islampet, Vijayawada - 520001", * Architects * Construction Companies * Interior Designers * Building Contractors * Civil Engineers * Construction Contractors * Architects For Building * Structural Engineers * Building Plan * Interior Designers For Office * Interior Designers For Institution * Commercial Architects * Architects For Temple * Residence Interior Designers * Architect Interior * Interior Designers For Kitchen * Residential Construction Companies * Civil Engineer Contractor * Structural Designing Services * Commercial Interior Designers * Architects For Landscape * Building Contractors For Compound Wall * Residential Building Contractors * Building Renovation Contractors * Interior Designers For Shopping Mall * Road Building Contractors * Structural Consultants * Structural Engineering Consultants * Interior Designer School * Industrial Architects * Interior Designers For Shops * Architects For Office * Architects For Hotels * Consultant Engineer Civil * Building Contractors Roofing Industrial * Interior Designers For Wall * Architects For Bungalow * Commercial Building Contractors * Waterproofing Contractors For Building * Architects For Restaurant * Interior Designers For Hospital * Building Contractor Flat * Architect Designer * Architects For Hospital * Interior Designers For Showroom * Building Reconstruction Contractors * Interior Designers For Restaurant * Interior Designers For Salons * Building Demolishing Contractors * Interior Designer Consultants * Building Contractor Industrial * Building Contractor Swimming Pool * Industrial Structural Designing Services * Building Contractors Apartment * Interior Designers For Hotels * Building Rehabilitation Contractors * Interior Designers & Consultants * Architects For Residential Less,"{'Thursday': '12:00 am - 11:59 pm', 'Sunday': '12:00 am - 11:59 pm', 'Monday': '12:00 am - 11:59 pm', 'Saturday': '12:00 am - 11:59 pm', 'Friday': '12:00 am - 11:59 pm', 'Tuesday': '12:00 am - 11:59 pm', 'Wednesday': '12:00 am - 11:59 pm'}", 2016
5, R-Eleven Architects,5.0,+(91)-9059950029 7386910444 ,"# 54-15-8, Raghavendra Nilayam, Srinivasanagar Bank Colony, Bharathi Nagar, Vijayawada - 520008, Beside ICICI Bank, Flavours Bakery", * Interior Designers * Architects * Residence Interior Designers * Building Elevation Works * Landscape Designers * Building Layout * Interior Designers For Restaurant * Residential Landscape Designers * Architects For Residential Less,"{'Thursday': '10:00 am - 10:00 pm', 'Sunday': 'Closed', 'Monday': '10:00 am - 10:00 pm', 'Saturday': '10:00 am - 10:00 pm', 'Friday': '10:00 am - 10:00 pm', 'Tuesday': '10:00 am - 10:00 pm', 'Wednesday': '10:00 am - 10:00 pm'}", 2015
6, Sudha Architects,0.5,+(91)-9397341745 ,"Door No 29-12-6, Govindarajulu Naidu Street, Suryarao Pet, Vijayawada - 520002, Upstairs Sree Sarada Nursing Home", * Architects * Civil Engineers * Architects For Building * Building Plan * Engineering Consultants * Consultant Engineer Civil * Architects For Residential Less,"{'Thursday': '10:00 am - 06:00 pm', 'Sunday': '10:00 am - 06:00 pm', 'Monday': '10:00 am - 06:00 pm', 'Saturday': '10:00 am - 06:00 pm', 'Friday': '10:00 am - 06:00 pm', 'Tuesday': '10:00 am - 06:00 pm', 'Wednesday': '10:00 am - 06:00 pm'}", 1985
7, Sai Durga Constructions,3.5,+(91)-866-2522033 +(91)-9603233999 ,"Door No 40-25-81, Suryanarayana complex, Opposite Jyothimahal, Patamatalanka, Vijayawada - 520015, Near Benz Circle", * Builders * Architects * Builders & Developers * Residential Builders * Builders & Promoters Less,"{'Thursday': '09:30 am - 10:00 pm', 'Sunday': 'Closed', 'Monday': '09:30 am - 10:00 pm', 'Saturday': '09:30 am - 10:00 pm', 'Friday': '09:30 am - 10:00 pm', 'Tuesday': '09:30 am - 10:00 pm', 'Wednesday': '09:30 am - 10:00 pm'}", 1987
8, Lachan Infra Projects,4.8,+(91)-9494914646 9849993339 ,"Machavaram, Vijayawada - 520004, Eluru Road, Opposite Anjaneya Swami Temple", * Builders * Architects * Interior Designers * Building Contractors * Civil Engineers * Architects For Building * Building Demolition Contractors * Interior Designers For Office * Commercial Architects * Architects For Temple * Residence Interior Designers * Architect Interior * Interior Designers For Kitchen * Civil Engineer Contractor * Commercial Interior Designers * Architects For Landscape * Building Contractors For Compound Wall * Residential Building Contractors * Road Building Contractors * Industrial Architects * Interior Designers For Shops * Architects For Hotels * Architects For Office * Building Contractors Roofing Industrial * Interior Designers For Wall * Commercial Building Contractors * Architects For Apartment * Waterproofing Contractors For Building * Architects For Schools * Glass Contractors For Building * Building Reconstruction Contractors * Interior Designers For Restaurant * Building Contractor Flat * Building Contractor Hospital * Building Contractor Industrial * Building Rehabilitation Contractors * Building Material Disposing Contractors * Building Contractors Apartment * Building Restoration Contractors Less,"{'Thursday': '08:00 am - 09:00 pm', 'Sunday': '08:00 am - 09:00 pm', 'Monday': '08:00 am - 09:00 pm', 'Saturday': '08:00 am - 09:00 pm', 'Friday': '08:00 am - 09:00 pm', 'Tuesday': '08:00 am - 09:00 pm', 'Wednesday': '08:00 am - 09:00 pm'}", 2013
9, Sri Siddhartha Consultancy,5.0,+(91)-7396624012 9849604155 ,"Door No 61-12/3-5, Gayatri Road, Ramalingeshwara Nagar, Benz Circle, Vijayawada - 520010", * Civil Contractors * Architects * Architects For Building * Engineering Project Consultants * Core Cutting Contractors * Engineering Consultants * Architects Structural Design Civil * Consultant Engineer Civil * Architects For Residential Less,"{'Thursday': '12:00 am - 11:59 pm', 'Sunday': '12:00 am - 11:59 pm', 'Monday': '12:00 am - 11:59 pm', 'Saturday': '12:00 am - 11:59 pm', 'Friday': '12:00 am - 11:59 pm', 'Tuesday': '12:00 am - 11:59 pm', 'Wednesday': '12:00 am - 11:59 pm'}", 2010
10, KMP Construction,3.5,+(91)-9448120087 ,"Kote, Arkalgud, Hassan - 573102, Near Thara Hospital", * Builders * Architects * Construction Companies * Civil Contractors * Builders & Developers * Construction Equipment Dealers * Architects For Building * Engineering Project Consultants * Civil Contractors For Residential * Commercial Architects * Residential Builders * Residential Construction Companies * Commercial Builders * Civil Contractors For Commercial * Excavation Contractors * Rock Excavation Contractors * Architects For Residential Less,"{'Thursday': '09:30 am - 06:30 pm', 'Sunday': '09:30 am - 06:30 pm', 'Monday': '09:30 am - 06:30 pm', 'Saturday': '09:30 am - 06:30 pm', 'Friday': '09:30 am - 06:30 pm', 'Tuesday': '09:30 am - 06:30 pm', 'Wednesday': '09:30 am - 06:30 pm'}", 1989
11, Chevron,5.0,+(91)-422-3374124 ,"No 33, Stv Nagar 3rd Cross, Peelamedu, Coimbatore - 641004, Behind Ktm Bike Showroom", * Architects * Interior Designers * Architects For Building * Architects For Temple * Residence Interior Designers * Interior Designers For Kitchen * Commercial Interior Designers * Interior Designers For Shopping Mall * Landscape Designers * Structural Consultants * Interior Designers For Furniture * Structural Engineering Consultants * Industrial Architects * Architects For Hotels * Architects For Office * Architects For Resorts * Interior Decorators For Kitchen * Interior Decorators For Showroom * Architects For Bungalow * Architects For Apartment * Architects For Church * Interior Designers For Corporate * Architects For Restaurant * Architects For Shopping Centre * Architects For Hospital * Interior Designers For Hospital * Architects For Residential * Interior Decorator Warehouse * Interior Designers For Departmental Stores * Interior Designers For Salons * Interior Designers For Temple * Architects For Business Centre * Architects For Departmental Store * Architects For Factory * Architects For Health Club * Architects For Showroom * Interior Designers For Apartment * Interior Designers For Factory * Interior Designers For Hotels * Interior Designers For Industrial * Architects For Stadium * Architects For Auditorium Less,"{'Thursday': '08:30 am - 07:30 pm', 'Sunday': 'Closed', 'Monday': '08:30 am - 07:30 pm', 'Saturday': '08:30 am - 07:30 pm', 'Friday': '08:30 am - 07:30 pm', 'Tuesday': '08:30 am - 07:30 pm', 'Wednesday': '08:30 am - 07:30 pm'}", 2015
12, Er  Arvind R Malpani,3.8,+(91)-291-2556447 +(91)-9414136829 ,"3 C 4 Uday Niwas, Paota B Road, Paota, Jodhpur - 342006, Opposite Laxmi Niwas", * Builders * Architects * Interior Designers * Builders & Developers * Land Surveyors * Civil Engineers * Architects For Building * Property Valuers * Structural Engineers * Surveyors * Total Station Surveyors * Architects For Temple * Residential Builders * Residence Interior Designers * Gps Surveyors * Commercial Interior Designers * Commercial Builders * Mining Surveyors * Quantity Surveyors * Building Surveyors * Interior Designers For Shopping Mall * Borewell Surveyors * Property Surveyors * Interior Designers For Furniture * Industrial Architects * Architects For Hotels * Architects For Office * Architects For Resorts * Marine Surveyors * Architects For Water Park * Architects For Apartment * Architects For Bungalow * Engineering Surveyors * Architects For Church * Interior Designers For Corporate * Architects For Restaurant * Eco Friendly Interior Designers * Project Management For Hospital * Interior Designers For Play Groups * Architects For Hospital * Architects For Amusement Park * Interior Designers For Hospital * Interior Designers For Gold Leafing * Architects For Shopping Centre * Architects For Health Club * Interior Designers For Bronze Leafing * Architects For Factory * Interior Designers For Salons * Architects For Departmental Store * Architects For Business Centre * Quantity Surveyor Exporters * Architects For Auditorium * Interior Designers For Departmental Stores * Interior Designers For Temple * Architects For Call Centre * Interior Designers For Silver Leafing * Project Management For Construction * Interior Designers For Industrial * Interior Designers For Hotels * Interior Designers For Factory * Surveyor Safety Industrial * Interior Designers For Copper Leafing * Interior Designers For Apartment * Interior Designer Corporate * Architects For Stadium * Architects For Showroom * Architects For Residential Less,"{'Thursday': '09:00 am - 09:00 pm', 'Sunday': 'Closed', 'Monday': '09:00 am - 09:00 pm', 'Saturday': '09:00 am - 09:00 pm', 'Friday': '09:00 am - 09:00 pm', 'Tuesday': '09:00 am - 09:00 pm', 'Wednesday': '09:00 am - 09:00 pm'}", 2004
13, Hari Hara Associates,5.0,+(91)-9440244678 9052752678 ,"Door No 40-421-33, Bhaskar Nagar, Kurnool - 518001, Near Old Ayyapa Swamy Temple", * Builders & Developers * Builders * Architects * Civil Contractors * Architects For Building * Civil Contractors For Residential * Commercial Architects * Residential Builders * Commercial Builders * Civil Contractors For Commercial * Architects For Residential Less,"{'Thursday': '10:00 am - 08:00 pm', 'Sunday': '10:00 am - 08:00 pm', 'Monday': '10:00 am - 08:00 pm', 'Saturday': '10:00 am - 08:00 pm', 'Friday': '10:00 am - 08:00 pm', 'Tuesday': '10:00 am - 08:00 pm', 'Wednesday': '10:00 am - 08:00 pm'}", 2016
14, Tectonics Architects,4.4,+(91)-9855510236 9464741556 ,"Sco 47 Ground Floor, Surya Complex Leela Bhawan, Patiala - 147001, Opposite Gopal Sweets", * Architects * Interior Designers * Architects For Building * Architects For Temple * Residence Interior Designers * Interior Designers For Kitchen * Commercial Interior Designers * Interior Designers For Shopping Mall * Interior Designers For Furniture * Industrial Architects * Architects For Office * Architects For Hotels * Architects For Resorts * Architects For Bungalow * Architects For Water Park * Architects For Restaurant * Architects For Hospital * Architects For Shopping Centre * Architects For Amusement Park * Interior Designers For Showroom * Architects For School * Architects For Stadium * Architects For Showroom * Architects For Factory * Architects For Business Centre * Architects For Auditorium * Architects For Residential Less,"{'Thursday': '08:30 am - 09:00 am', 'Sunday': 'Closed', 'Monday': '08:30 am - 09:00 am', 'Saturday': '08:30 am - 09:00 am', 'Friday': '08:30 am - 09:00 am', 'Tuesday': '08:30 am - 09:00 am', 'Wednesday': '08:30 am - 09:00 am'}",
15, Sainath Space Management Consultant,4.1,+(91)-1482-236850 231265 ,"153, Nagori Garden, Bhilwara - 311001", * Interior Designers * Architects * Civil Contractors * Builders & Developers * Building Contractors * Civil Engineers * Interior Decorators * Land Developers * Architects For Building * Interior Decorators for Residences * Building Demolition Contractors * Structural Engineers * Civil Contractors For Residential * Architects For Temple * Civil Consultants * Residence Interior Designers * Architectural Model Makers * Interior Designers For Kitchen * Interior Decorators For Shop * Structural Designing Services * Valuers For Building * Commercial Interior Designers * Building Contractors For Compound Wall * Interior Decorator Contractors * Civil Contractors For Commercial * Interior Designers For Shopping Mall * Structural Consultants * Structural Engineering Consultants * Interior Designers For Furniture * Architects For Hotels * Industrial Architects * Architects For Office * Interior Decorators For Hotel * Interior Decorator Industrial * Interior Decorators For Kitchen * Commercial Interior Decorators * Architects For Resorts * Architects For Apartment * Architects For Bungalow * Interior Decorators For Showroom * Architects For Water Park * Interior Decorators For Restaurants * Interior Decorators For Hospital * Structural Contractors * Architects For Church * Interior Designers For Corporate * Interior & Exterior Decorators * Architects For Restaurant * Pre Engineered Building Designers * Interior Designers For Play Groups * Building Reconstruction Contractors * Interior Designers For Gold Leafing * Structural Demolition Services * Interior Designers For Hospital * Interior Decorators For Discotheques * Land Developers For Farm House * Interior Decorators For Beauty Parlours * Interior Decorators For Bathroom * Interior Decorators For Resorts * Architects For Hospital * Architects For Amusement Park * Interior Decorators For Pubs * Architects For Shopping Centre * Architects For Showroom * Interior Decorators For Banks * Architects For Stadium * Interior Designers For Salons * Interior Decorators For Salons * Interior Designers For Copper Leafing * Architects For Health Club * Architects For Factory * Architects For Departmental Store * Architects For Call Centre * Architects For Business Centre * Architects For Auditorium * Interior Designers For Departmental Stores * Structural Conservation Services * Architectures For Temple * Interior Designers For Bronze Leafing * Building Contractor Industrial * Interior Designers For Apartment * Interior Designers For Hotels * Interior Decorator Penthouse * Interior Decorators For Health Club * Interior Designers For Silver Leafing * Interior Designers For Temple * Interior Decorators For Furniture * Interior Decorators For Departmental Store * Interior Decorators For Bungalow * Interior Decorators For All India * Interior Decorators Consultants * Interior Decorator Studio * Interior Decorator Stadium * Interior Decorators For Business Centre * Interior Decorator Apartment * Architects For Residential Less,"{'Thursday': '10:00 am - 06:00 pm', 'Sunday': 'Closed', 'Monday': '10:00 am - 06:00 pm', 'Saturday': '10:00 am - 06:00 pm', 'Friday': '10:00 am - 06:00 pm', 'Tuesday': '10:00 am - 06:00 pm', 'Wednesday': '10:00 am - 06:00 pm'}", 1995
16, SAI Sidhartha Engineering Consultancy,None,+(91)-866-2551500 +(91)-9440211540 ,"D. No: 9-116, Vijayawada, Ashoknagar, M G Road, Ashok Nagar, Vijayawada - 520007, Near Coastal Bank", * Builders * Architects * Building Plan * Engineering Consultants Less,"{'Thursday': '10:00 am - 09:00 pm', 'Sunday': 'Closed', 'Monday': '10:00 am - 09:00 pm', 'Saturday': '10:00 am - 09:00 pm', 'Friday': '10:00 am - 09:00 pm', 'Tuesday': '10:00 am - 09:00 pm', 'Wednesday': '10:00 am - 09:00 pm'}", 2004
17, Maruthi Associates,5.0,+(91)-866-2475876 +(91)-9848114441 ,"1st Floor , Rakesh Mansions, Green Land Lane, Labbipet, Vijayawada - 520010", * Builders * Architects * Builders & Developers * Structural Engineers Less,"{'Thursday': '10:00 am - 06:00 pm', 'Sunday': 'Closed', 'Monday': '10:00 am - 06:00 pm', 'Saturday': '10:00 am - 06:00 pm', 'Friday': '10:00 am - 06:00 pm', 'Tuesday': '10:00 am - 06:00 pm', 'Wednesday': '10:00 am - 06:00 pm'}", 2010
18, Lakshman Associates,3.5,+(91)-866-2476168 ,"4th Floor White House, Labbipet, Vijayawada - 520010"," * Architects
 Less","{'Thursday': '05:30 am - 05:30 am', 'Sunday': '05:30 am - 05:30 am', 'Monday': '05:30 am - 05:30 am', 'Saturday': '05:30 am - 05:30 am', 'Friday': '05:30 am - 05:30 am', 'Tuesday': '05:30 am - 05:30 am', 'Wednesday': '05:30 am - 05:30 am'}",
19, City Planners,None,+(91)-866-2473883 ,"39-2-63/3 1st Flr Shamas Manzil, Labbipet, Vijayawada - 520010", * Builders * Architects * Builders & Developers * Surveyors Less,"{'Thursday': '10:00 am - 06:00 pm', 'Sunday': 'Closed', 'Monday': '10:00 am - 06:00 pm', 'Saturday': '10:00 am - 06:00 pm', 'Friday': '10:00 am - 06:00 pm', 'Tuesday': '10:00 am - 06:00 pm', 'Wednesday': '10:00 am - 06:00 pm'}",
20, Sv Associates,None,+(91)-866-2438540 ,"Seetharampuram, Vijayawada - 520004"," * Architects
 Less",{},
21, Sri SAI Ram Project Managers,None,+(91)-866-6667176 6667177 ... ,"40-7-28 1st Floor Krishna Soudha, Moghalraja Puram, Vijayawada - 520010, Near Jammi Chettu", * Builders * Architects * Builders & Developers * Commercial Architects * Interior Decorators & Designers Less,{},
22, Srinivasa Associates,3.7,+(91)-866-6612258 +(91)-9849113954 ,"Ramarao Street, Gandhi Nagar, Vijayawada - 520003, Opposite Mayuri Films", * Architects * Interior Designers * Commercial Architects * Architects Directories Less,"{'Thursday': '10:00 am - 06:00 pm', 'Sunday': 'Closed', 'Monday': '10:00 am - 06:00 pm', 'Saturday': '10:00 am - 06:00 pm', 'Friday': '10:00 am - 06:00 pm', 'Tuesday': '10:00 am - 06:00 pm', 'Wednesday': '10:00 am - 06:00 pm'}", 1963
23, Sri SAI Planners,3.0,+(91)-866-2474662 ,"39-1-86 Garapati Complex, Paidaiah Street, Labbipet, Vijayawada - 520010"," * Architects
 Less",{},
24, C S Associates,None,+(91)-866-2569497 +(91)-9849183536 ,"Door No 11-1-25, Babu Rajendra Prasad Road, Winchipet, Vijayawada - 520001, Opposite Laxmi Vilas Bank & Bodemma Hotel Centre", * Architects * Interior Designers * Property Valuers Less,"{'Thursday': '09:30 am - 06:30 pm', 'Sunday': 'Closed', 'Monday': '09:30 am - 06:30 pm', 'Saturday': '09:30 am - 06:30 pm', 'Friday': '09:30 am - 06:30 pm', 'Tuesday': '09:30 am - 06:30 pm', 'Wednesday': '09:30 am - 06:30 pm'}", 2007
25, Srinivas D,4.0,+(91)-866-6581028 +(91)-9849885555 ,"Plot No 120, Road No 5, Veterinary Colony, Vijayawada - 520001", * Architects * Architects For Building * Commercial Architects * Architects For Bungalow * Architects For Residential Less,"{'Thursday': '10:00 am - 06:30 pm', 'Sunday': 'Closed', 'Monday': '10:00 am - 06:30 pm', 'Saturday': '10:00 am - 06:30 pm', 'Friday': '10:00 am - 06:30 pm', 'Tuesday': '10:00 am - 06:30 pm', 'Wednesday': '10:00 am - 06:30 pm'}",
26, Xpert Zone,None,+(91)-8520851100 ,"F3,Plot No 7,Deepthi Sri Nagar, Madinaguda Miyapur, Vijayawada - 520001, Miyapur", * Architects * Interior Designers * Architects For Building * Commercial Architects * Residence Interior Designers * Architect Interior * 3D Interior Designers * Architects For Office * Consultant Architect * Elevation Architectural Designers * Architects & Interior Decorator * Architects For Apartment * Interior Designers For Architect * Architects For Schools * Architect Designer * Architects For Residential Less,"{'Thursday': '12:00 am - 11:59 pm', 'Sunday': '12:00 am - 11:59 pm', 'Monday': '12:00 am - 11:59 pm', 'Saturday': '12:00 am - 11:59 pm', 'Friday': '12:00 am - 11:59 pm', 'Tuesday': '12:00 am - 11:59 pm', 'Wednesday': '12:00 am - 11:59 pm'}", 2000
27, Radhakrishna K Moghalrajpuram,None,+(91)-866-2473747 ,"F No 2 Sravanthi Apartments, Moghalraja Puram, Vijayawada - 520010"," * Architects
 Less",{},
28, Space & Time,4.0,+(91)-866-6667686 +(91)-9246478938 ,"40-5/6-10, Labbipet, Vijayawada - 520010, Opp P&T Colony Road"," * Architects
 Less",{},
29, Ebenezer Associates,4.7,+(91)-9030121177 9000759450 ,"Shop No 3, Police Guest House Complex, G S Raju Road, Gandhi Nagar, Vijayawada - 520003, Near Red Cross Building", * Land Surveyors * Architects * Architects For Building * Total Station Surveyors * Land Survey Mapping * Commercial Architects * Industrial Architects * Architects For Bungalow * Engineering Surveyors * Housing Project Surveyors * Industrial Surveyors * Architects For Residential Less,"{'Thursday': '09:00 am - 08:00 pm', 'Sunday': 'Closed', 'Monday': '09:00 am - 08:00 pm', 'Saturday': '09:00 am - 08:00 pm', 'Friday': '09:00 am - 08:00 pm', 'Tuesday': '09:00 am - 08:00 pm', 'Wednesday': '09:00 am - 08:00 pm'}", 2011
30, U Zone Infra Designing,None,+(91)-8520851050 9533414369 ,Vijayawada - 520001," * Architects
 Less","{'Thursday': '12:00 am - 11:59 pm', 'Sunday': '12:00 am - 11:59 pm', 'Monday': '12:00 am - 11:59 pm', 'Saturday': '12:00 am - 11:59 pm', 'Friday': '12:00 am - 11:59 pm', 'Tuesday': '12:00 am - 11:59 pm', 'Wednesday': '12:00 am - 11:59 pm'}", 2008
31, Lloyd Associates,None,+(91)-866-2484469 ,"Ashok Nagar, Vijayawada - 520007, Near Sunnapu Bhattilu Centre", * Architects * Interior Decorators & Designers Less,{},
32, RGB Architects & Designers,None,+(91)-8297788111 ,"Mohan Viilas Building, Punnamathota, Vijayawada - 520010, Near Montessori College", * Architects * Architects For Building * Commercial Architects * Architect Interior * Architects For Landscape * Architects For Office * Architects For Hotels * Architects For Resorts * Architects & Interior Decorator * Architects For Bungalow * Architects For Apartment * Architects For Schools * Architects For Restaurant * Architects For Shopping Centre * Architect Designer * Architects For Mall * Architects For Hospital * Architects For Amusement Park * Architects For Health Club * Architects For Business Centre * Architects For Spa * Architects For Bridges * Architects For School * Architects For Residential Less,"{'Thursday': '10:00 am - 06:00 pm', 'Sunday': 'Closed', 'Monday': '10:00 am - 06:00 pm', 'Saturday': '10:00 am - 05:00 pm', 'Friday': '10:00 am - 06:00 pm', 'Tuesday': '10:00 am - 06:00 pm', 'Wednesday': '10:00 am - 06:00 pm'}", 2013
33, Varistha Autocad Drawing Services,3.8,+(91)-9966032585 ,"Door no #32/13/52, Boyapatimadavarao street, Moghalraja Puram, Vijayawada - 520010, Near Jammichettu centre", * AUTOCAD Drawing Services * Architects * Commercial Architects * AUTOCAD Services * Architects For Residential Less,"{'Thursday': '09:00 am - 09:00 pm', 'Sunday': '09:00 am - 09:00 pm', 'Monday': '09:00 am - 09:00 pm', 'Saturday': '09:00 am - 09:00 pm', 'Friday': '09:00 am - 09:00 pm', 'Tuesday': '09:00 am - 09:00 pm', 'Wednesday': '09:00 am - 09:00 pm'}", 2003
34, Square planner,5.0,+(91)-9885455040 ,"Plat no-50, ITI road, LIC Colony, Vijayawada - 520008, Beside sbi bank", * Architects * Architects For Building * Commercial Architects * Architects For Hotels * Industrial Architects * Architects For Apartment * Architects For Auditorium Less,"{'Thursday': '09:00 am - 06:00 pm', 'Sunday': 'Closed', 'Monday': '09:00 am - 06:00 pm', 'Saturday': '09:00 am - 06:00 pm', 'Friday': '09:00 am - 06:00 pm', 'Tuesday': '09:00 am - 06:00 pm', 'Wednesday': '09:00 am - 06:00 pm'}", 2005
35, Aims Architect Interior Managementt & Structures,3.0,+(91)-9866669123 ,"Shop No3, Nvkr Towers, Moghalraja Puram, Vijayawada - 520010, Opp Siddhartha Arts College", * Architects * Interior Designers * Architects For Building * Structural Engineers * Interior Designers For Institution * Contractors-Interiors * Commercial Architects * Residence Interior Designers * Interior Decorator Contractors * Architects For Hotels * Architects For Office * Interior Painting Contractors * Architects For Resorts * Architects For Apartment * Architects For Schools * Architects For Restaurant * Architects For Hospital * Architects For Showroom * Architects For Residential Less,"{'Thursday': '09:00 am - 10:00 pm', 'Sunday': '09:00 am - 10:00 pm', 'Monday': '09:00 am - 10:00 pm', 'Saturday': '09:00 am - 10:00 pm', 'Friday': '09:00 am - 10:00 pm', 'Tuesday': '09:00 am - 10:00 pm', 'Wednesday': '09:00 am - 10:00 pm'}",
36, Venkateswarlu I,None,+(91)-866-2472919 ,"Moghalraja Puram, Vijayawada - 520010, Siddartha College Road", * Architects * Civil Engineers * Structural Engineers Less,"{'Thursday': '05:30 am - 05:30 am', 'Sunday': '05:30 am - 05:30 am', 'Monday': '05:30 am - 05:30 am', 'Saturday': '05:30 am - 05:30 am', 'Friday': '05:30 am - 05:30 am', 'Tuesday': '05:30 am - 05:30 am', 'Wednesday': '05:30 am - 05:30 am'}",
37, Decisions Structural Engineers,None,+(91)-9246475767 ,"40-5-19/9, Moghalraja Puram, Vijayawada - 520010, Opp Siddhartha Arts College", * Architects * Structural Engineers Less,"{'Thursday': '10:00 am - 10:00 pm', 'Sunday': 'Closed', 'Monday': '10:00 am - 10:00 pm', 'Saturday': '10:00 am - 10:00 pm', 'Friday': '10:00 am - 10:00 pm', 'Tuesday': '10:00 am - 10:00 pm', 'Wednesday': '10:00 am - 10:00 pm'}",
38, A L Studio,4.6,+(91)-7799080907 ,"10733-F1, Moghalraja Puram, Vijayawada - 520010, Opp To siddhartha Public school", * Architects * Interior Designers * Interior Decorators * Architects For Building * Interior Decorators for Residences * Interior Decorators For Office * Interior Designers For Office * Commercial Architects * Architects For Temple * Residence Interior Designers * Architect Interior * Commercial Interior Designers * Architects For Landscape * Interior Decorators For Kitchen * Architects & Interior Decorator * Interior Designers For Architect * Architects For Water Park * Architects For Residential Less,"{'Thursday': '08:00 am - 10:00 pm', 'Sunday': '08:00 am - 10:00 pm', 'Monday': '08:00 am - 10:00 pm', 'Saturday': '08:00 am - 10:00 pm', 'Friday': '08:00 am - 10:00 pm', 'Tuesday': '08:00 am - 10:00 pm', 'Wednesday': '08:00 am - 10:00 pm'}",
39, Sree Harsha Planners,1.0,+(91)-9346225863 ,"27-12-38, Alibaig Street, Mg Road, Vijayawada - 520002, Opp Vk Super Bazar", * Architects * Commercial Architects * Architects For Ships * Architects For Residential Less,{},
40, Harsha Architects,5.0,+(91)-7702600999 7306064965 ,"New Postal Colony, Patamata, Vijayawada - 520010, Church Road", * Architects * Interior Designers * Interior Designers For Office * Architects For Temple * Residence Interior Designers * Associations Of Architects * Architects For Landscape * Institutes For Computer Interior Designers * Architects For Residential Less,"{'Thursday': '12:00 am - 11:59 pm', 'Sunday': 'Closed', 'Monday': '12:00 am - 11:59 pm', 'Saturday': '12:00 am - 11:59 pm', 'Friday': '12:00 am - 11:59 pm', 'Tuesday': '12:00 am - 11:59 pm', 'Wednesday': '12:00 am - 11:59 pm'}", 2010
41, Shiva Sai Constructions,None,+(91)-9885893254 9912353815 ,"Door No 31.8.5, Andhra Bank Street, Maruthi Nagar, Vijayawada - 520004, Near Andhra Bank", * Architects * Civil Contractors * Commercial Architects * Architects For Residential Less,"{'Thursday': '09:30 am - 10:30 pm', 'Sunday': 'Closed', 'Monday': '09:30 am - 10:30 pm', 'Saturday': '09:30 am - 10:30 pm', 'Friday': '09:30 am - 10:30 pm', 'Tuesday': '09:30 am - 10:30 pm', 'Wednesday': '09:30 am - 10:30 pm'}", 2011
42, Ds Architects & Engineers,None,+(91)-866-6642559 ,"9 Brhamananda Reddy Complex, Machavaram, Vijayawada - 520004, Ch Gunta"," * Architects
 Less",{},
43, R K Associates,None,+(91)-866-2485860 2495860 ,"D no 37-5-7/A, Water tank road, Labbipet, Vijayawada - 520010, Opp Indira Gandhi stadium", * Architects * Architects For Building * Commercial Architects * Building Elevation Works * Industrial Architects * Architects For Office * Architects For Bungalow * Architects For Mall * Engineer For Designing * Architects For Hospital * Architects For Residential Less,"{'Thursday': '08:00 am - 09:00 pm', 'Sunday': '08:00 am - 09:00 pm', 'Monday': '08:00 am - 09:00 pm', 'Saturday': '08:00 am - 09:00 pm', 'Friday': '08:00 am - 09:00 pm', 'Tuesday': '08:00 am - 09:00 pm', 'Wednesday': '08:00 am - 09:00 pm'}", 1997
44, advitha associates,None,+(91)-9550558881 9160168881 ,"Sangeetha Apartments G 3, Gayatri Nagar, Vijayawada - 520008, Opposite Aircosta Office", * Architects * Interior Designers * Architects For Building * Commercial Architects * Commercial Interior Designers * Interior Designers For Shops * Architects For Residential Less,"{'Thursday': '09:00 am - 06:30 pm', 'Sunday': 'Closed', 'Monday': '09:00 am - 06:30 pm', 'Saturday': '09:00 am - 06:30 pm', 'Friday': '09:00 am - 06:30 pm', 'Tuesday': '09:00 am - 06:30 pm', 'Wednesday': '09:00 am - 06:30 pm'}", 2015
45, Venkata Ramana S,None,+(91)-866-2476942 2477992 ,"#40-1/1-18, Moghal rajapuram road, Labbipet, Vijayawada - 520010, Mr Puram Road", * Architects * Chartered Engineers Less,"{'Thursday': '09:00 am - 08:00 pm', 'Sunday': '09:00 am - 08:00 pm', 'Monday': '09:00 am - 08:00 pm', 'Saturday': '09:00 am - 08:00 pm', 'Friday': '09:00 am - 08:00 pm', 'Tuesday': '09:00 am - 08:00 pm', 'Wednesday': '09:00 am - 08:00 pm'}", 1985
46, Melimi planers,None,+(91)-9849569221 ,"#39-11-5, Turlapati Kutumbarao Street, Labbipet, Vijayawada - 520010, Beside dimple bar", * Architects * Civil Contractors * Building Contractors * Construction Contractors * Contractors * Structural Engineers * Civil Engineer Contractor * Planning Consultants * Civil Engg. & Contractors Less,"{'Thursday': '10:00 am - 08:00 pm', 'Sunday': 'Closed', 'Monday': '10:00 am - 08:00 pm', 'Saturday': '10:00 am - 08:00 pm', 'Friday': '10:00 am - 08:00 pm', 'Tuesday': '10:00 am - 08:00 pm', 'Wednesday': '10:00 am - 08:00 pm'}", 1999
47, architect design siva,1.0,+(91)-7660097030 ,"23-89-2, kamala street, Gandhi Nagar, Vijayawada - 520003, Raj Cinema"," * Architects
 Less","{'Thursday': '09:30 am - 09:00 pm', 'Sunday': 'Closed', 'Monday': '09:30 am - 09:00 pm', 'Saturday': '09:30 am - 09:00 pm', 'Friday': '09:30 am - 09:00 pm', 'Tuesday': '09:30 am - 09:00 pm', 'Wednesday': '09:30 am - 09:00 pm'}", 2004
48, Dyna Constructions,None,+(91)-866-2470156 +(91)-9848113156 ,"Labbipet, Vijayawada - 520010, B/S Andhra Jyothi", * Builders * Architects * Builders & Developers Less,"{'Thursday': '05:30 am - 05:30 am', 'Sunday': '05:30 am - 05:30 am', 'Monday': '05:30 am - 05:30 am', 'Saturday': '05:30 am - 05:30 am', 'Friday': '05:30 am - 05:30 am', 'Tuesday': '05:30 am - 05:30 am', 'Wednesday': '05:30 am - 05:30 am'}",
49, LLoyd Associates,None,+(91)-866-2472499 +(91)-9392924469 ,"Door No 39-4-15, Labbipet, Vijayawada - 520010, Near Y V Rao Hospital", * Architects * Architects For Building * Commercial Architects * Architects For Bungalow * Architects For Residential Less,"{'Thursday': '10:00 am - 06:30 pm', 'Sunday': 'Closed', 'Monday': '10:00 am - 06:30 pm', 'Saturday': '10:00 am - 06:30 pm', 'Friday': '10:00 am - 06:30 pm', 'Tuesday': '10:00 am - 06:30 pm', 'Wednesday': '10:00 am - 06:30 pm'}", 2005
50, Deepak Kandula,None,+(91)-9885856677 ,"Gf-6 Anjana Apartments Water Tank Road Labbipet Vijayawada, Labbipet, Vijayawada - 520010", * Architects * Architects For Building * Commercial Architects * Architects For Landscape * Architects For Hotels * Industrial Architects * Architects For Office * Architects For Resorts * Architects For Water Park * Architects For Bungalow * Interior Designers For Architect * Architects For Apartment * Architects For Petrol Pumps * Architects For Restaurant * Architects For Hospital * Architects For Mall * Architects For Amusement Park * Architects For Shopping Centre * Architects For Auditorium * Architects For Health Club * Architects For Spa * Sustainable Architects * Architects For Bank * Architects For Business Centre * Architects For Stadium * Architects For Showroom * Architects For Call Centre * Architects For Departmental Store * Architects For Factory * Architects For Residential Less,"{'Thursday': '10:00 am - 09:00 pm', 'Sunday': '10:00 am - 09:00 pm', 'Monday': '10:00 am - 09:00 pm', 'Saturday': '10:00 am - 09:00 pm', 'Friday': '10:00 am - 09:00 pm', 'Tuesday': '10:00 am - 09:00 pm', 'Wednesday': '10:00 am - 09:00 pm'}", 2009
51, Sindu Air conditioning & interiors,None,+(91)-9000007867 ,"Labbipet, Vijayawada - 520010, near indira gandhi municipal staduim", * Architects * Interior Designers Less,"{'None': 'None', 'Monday': '05:30 am - 05:30 am'}", 2010
52, Green Belt Constructions Pvt Ltd,None,+(91)-866-2484786 +(91)-9248027100 ,"#59A-15-35, Badraiah Nagar, Benz Circle, Vijayawada - 520010, Near Ntr Statue", * Architects * Building Contractors * Structural Engineers * Architect Interior Less,"{'Thursday': '09:00 am - 06:00 pm', 'Sunday': '09:00 am - 06:00 pm', 'Monday': '09:00 am - 06:00 pm', 'Saturday': '09:00 am - 06:00 pm', 'Friday': '09:00 am - 06:00 pm', 'Tuesday': '09:00 am - 06:00 pm', 'Wednesday': '09:00 am - 06:00 pm'}", 2015
53, Venkata Planners,None,+(91)-8985493601 ,"#67-8-21, Nallurivari Street, Patamata, Vijayawada - 520010, near E seva road", * Architects * Architects For Building * Commercial Architects * Architects For Temple * Architect Interior * Building Surveyors * Architects For Hotels * Industrial Architects * Architects For Bungalow Less,"{'Thursday': '10:30 am - 05:30 pm', 'Sunday': 'Closed', 'Monday': '10:30 am - 05:30 pm', 'Saturday': '10:30 am - 05:30 pm', 'Friday': '10:30 am - 05:30 pm', 'Tuesday': '10:30 am - 05:30 pm', 'Wednesday': '10:30 am - 05:30 pm'}", 2006
54, CS Associates,5.0,+(91)-9391244344 ,"#30-15-23, BVR Road, Seetharampuram, Vijayawada - 520004, Kothavanthena Center", * Architects * Civil Engineers * Structural Engineers Less,"{'Thursday': '09:30 am - 09:00 pm', 'Sunday': '09:30 am - 01:00 pm', 'Monday': '09:30 am - 09:00 pm', 'Saturday': '09:30 am - 09:00 pm', 'Friday': '09:30 am - 09:00 pm', 'Tuesday': '09:30 am - 09:00 pm', 'Wednesday': '09:30 am - 09:00 pm'}", 2014
55, Sree Constructions,5.0,+(91)-866-6630504 +(91)-9703369888 ,"Door No 29-19-44, Suryarao Pet, Vijayawada - 520002, Dk Road", * Builders & Developers * Builders * Architects * Civil Engineers * Engineers * Structural Engineers Less,"{'Thursday': '08:00 am - 09:00 pm', 'Sunday': '08:00 am - 09:00 pm', 'Monday': '08:00 am - 09:00 pm', 'Saturday': '08:00 am - 09:00 pm', 'Friday': '08:00 am - 09:00 pm', 'Tuesday': '08:00 am - 09:00 pm', 'Wednesday': '08:00 am - 09:00 pm'}", 1993
56, Sirricon Engineers,None,+(91)-866-2451104 +(91)-9246222846 ,"#48-12-1,andhra bank building, ring road, Gunadala, Vijayawada - 520004, near kay hotel", * Architects * Property Valuers * Structural Engineers * Valuers For Land * Chartered Engineers * Valuers For Building * Valuers For Chartered Engineer Less,"{'Thursday': '09:00 am - 06:30 pm', 'Sunday': 'Closed', 'Monday': '09:00 am - 06:30 pm', 'Saturday': '09:00 am - 06:30 pm', 'Friday': '09:00 am - 06:30 pm', 'Tuesday': '09:00 am - 06:30 pm', 'Wednesday': '09:00 am - 06:30 pm'}", 2003
57, Hayy Consultants,None,+(91)-866-6522786 +(91)-9949464444 ,"Door No.32-26-57/1, Eluru Road, Machavaram, Vijayawada - 520004, Near S.r.r College", * Architects * Interior Designers Less,"{'Thursday': '05:30 am - 05:30 am', 'Sunday': '05:30 am - 05:30 am', 'Monday': '05:30 am - 05:30 am', 'Saturday': '05:30 am - 05:30 am', 'Friday': '05:30 am - 05:30 am', 'Tuesday': '05:30 am - 05:30 am', 'Wednesday': '05:30 am - 05:30 am'}", 2009
58, planat us architects,4.9,+(91)-9642724212 ,"Architects House, anumkondavari street, Machavaram, Vijayawada - 520004, anjanyaswamy temple", * Builders * Architects * Construction Companies * Interior Designers * Builders & Developers * Construction Contractors * Architects For Building * Interior Designers For Office * Interior Designers For Institution * Commercial Architects * Architects For Temple * Residential Builders * Residence Interior Designers * Architect Interior * Interior Designers For Kitchen * Commercial Interior Designers * Architects For Landscape * Commercial Builders * Landscape Designers * Interior Designers For Shopping Mall * Exterior Designers * Industrial Architects * Interior Designers For Shops * Interior Designer School * Architects For Office * Builders & Promoters * Architects For Hotels * Architects For Resorts * Interior Designers For Wall * Architects For Bungalow * Architects For Water Park * Architects For Apartment * Interior Designers For Architect * Architects For Petrol Pumps * Architects For Restaurant * Architects For Schools * Architects For Church * Interior Designers For Showroom * Architects For Hospital * Architects For Amusement Park * Interior Designers For Restaurant * Architect Chartered * Pre Engineered Building Designers * Architects For Mall * Architects For Shopping Centre * Sustainable Architects * Islamic Architects * Roman Architects * Architects For Bridges * Architects For Spa * Architects For Residential * Architects For Bank * Architects For Auditorium * Architects For Stadium * Architects For Business Centre * Architects For Call Centre * Architects For Departmental Store * Architects For Factory * Architects For Health Club * Architects For Showroom * Architects For Ships Less,"{'Thursday': '08:00 am - 09:30 pm', 'Sunday': '08:00 am - 09:30 pm', 'Monday': '08:00 am - 09:30 pm', 'Saturday': '08:00 am - 09:30 pm', 'Friday': '08:00 am - 09:30 pm', 'Tuesday': '08:00 am - 09:30 pm', 'Wednesday': '08:00 am - 09:30 pm'}", 2009
59, Sudhakar N,None,+(91)-866-2438820 ,"29-09-60/1, Grn Street, Suryaraopet, Vijayawada - 520002", * Architects * Architects For Mall * Architects Directories Less,{},
60, Sri Konda Ramesh,None,+(91)-866-2492882 +(91)-9676404850 ,"Plot No121st Road Rtc Colony, P&T Colony, Vijayawada - 520008, Near SAI Baba Temple", * Architects * Architects For Building * Commercial Architects * Architects For Bungalow * Architects For Residential Less,"{'Thursday': '10:00 am - 06:30 pm', 'Sunday': 'Closed', 'Monday': '10:00 am - 06:30 pm', 'Saturday': '10:00 am - 06:30 pm', 'Friday': '10:00 am - 06:30 pm', 'Tuesday': '10:00 am - 06:30 pm', 'Wednesday': '10:00 am - 06:30 pm'}",
61, Rajeshwara Rao Suryadevara,None,+(91)-866-2491509 2478779 ,"24 2nd Cross Svkp Colony Gurunanak Main Road, P&T Colony, Vijayawada - 520008", * Architects * Architects For Building * Commercial Architects * Architects For Bungalow Less,"{'Thursday': '10:00 am - 06:30 pm', 'Sunday': '12:00 am - 11:59 pm', 'Monday': '10:00 am - 06:30 pm', 'Saturday': '10:00 am - 06:30 pm', 'Friday': '10:00 am - 06:30 pm', 'Tuesday': '10:00 am - 06:30 pm', 'Wednesday': '10:00 am - 06:30 pm'}",
62, Mohanababu Parasaram,None,+(91)-9703114678 9848124781 ,"Krishna Lanka, Vijayawada - 520013, Purna Chandra Nagar", * Architects * Architects For Building * Commercial Architects * Architects For Bungalow * Architects For Residential Less,"{'Thursday': '09:00 am - 06:00 pm', 'Sunday': 'Closed', 'Monday': '09:00 am - 06:00 pm', 'Saturday': '09:00 am - 06:00 pm', 'Friday': '09:00 am - 06:00 pm', 'Tuesday': '09:00 am - 06:00 pm', 'Wednesday': '09:00 am - 06:00 pm'}", 1994
63, RM Architects & Engineers,None,+(91)-9985378500 ,"Putta Road, Krishna Lanka, Vijayawada - 520013, Ravi Publishers Backside", * Architects * Architects For Building * Architect Interior * Consultant Architect * Architects & Interior Decorator * Architect Designer * Architects For Residential Less,"{'Thursday': '10:00 am - 08:00 pm', 'Sunday': '12:00 am - 11:59 pm', 'Monday': '10:00 am - 08:00 pm', 'Saturday': '10:00 am - 08:00 pm', 'Friday': '10:00 am - 08:00 pm', 'Tuesday': '10:00 am - 08:00 pm', 'Wednesday': '10:00 am - 08:00 pm'}", 2005
64, Venkata Lakshmi Bondalapati,None,+(91)-9848371979 ,"#58-2-7A, Pantakaluva Road, Patamata, Vijayawada - 520010, near NTR circle", * Architects * Architects For Building * Commercial Architects * Associations Of Architects * Architects For Bungalow * Architects For Water Park * Architect Designer * Architects For Residential Less,"{'Thursday': '10:00 am - 06:30 pm', 'Sunday': 'Closed', 'Monday': '10:00 am - 06:30 pm', 'Saturday': '10:00 am - 06:30 pm', 'Friday': '10:00 am - 06:30 pm', 'Tuesday': '10:00 am - 06:30 pm', 'Wednesday': '10:00 am - 06:30 pm'}", 2003
65, Inventive Architects,4.8,+(91)-9052725803 ,"Srinagar Colony, Satyanarayanapuram, Vijayawada - 520011", * Architects * Architects For Building * Commercial Architects * Architects For Temple * Architect Interior * Architects For Landscape * Industrial Architects * Architects For Office * Architects For Hotels * Architects For Resorts * Architects For Bungalow * Architects For Water Park * Architects For Apartment * Interior Designers For Architect * Architects For Schools * Architects For Church * Architects For Petrol Pumps * Architects For Restaurant * Architects For Shopping Centre * Architects For Amusement Park * Architects For Mall * Architect Chartered * Architects For Hospital * Islamic Architects * Sustainable Architects * Architects For Spa * Architects For Bridges * Roman Architects * Architects For Stadium * Architects For Business Centre * Architects For Call Centre * Architects For Departmental Store * Architects For Factory * Architects For Health Club * Architects For Bank * Architects For Auditorium * Architects For Ships * Architects For Showroom * Architects For Residential Less,{}, 2009
66, Ramkrishna Sistla Architects Engineers Valuers Contractors,None,+(91)-9848043511 ,"#23-22-43,Shop no:1,Sravani Apartments, Giri Street, Satyanarayanapuram, Vijayawada - 520011, Beside Axis Bank Atm", * Architects * Civil Engineers * Architects For Building * Architects For Landscape * Architects For Residential Less,"{'Thursday': '09:00 am - 07:00 pm', 'Sunday': '09:00 am - 07:00 pm', 'Monday': '09:00 am - 07:00 pm', 'Saturday': '09:00 am - 07:00 pm', 'Friday': '09:00 am - 07:00 pm', 'Tuesday': '09:00 am - 07:00 pm', 'Wednesday': '09:00 am - 07:00 pm'}", 2000
67, Hamza Group,5.0,+(91)-866-2576259 +(91)-9848246586 ,"Plot No 1, Lotus Enclave, Museum Road, Vijayawada - 520002", * Architects * Civil Contractors Less,"{'Thursday': '09:00 am - 09:00 pm', 'Sunday': 'Closed', 'Monday': '09:00 am - 09:00 pm', 'Saturday': '09:00 am - 09:00 pm', 'Friday': '09:00 am - 09:00 pm', 'Tuesday': '09:00 am - 09:00 pm', 'Wednesday': '09:00 am - 09:00 pm'}", 1990
68, Dzine Pit,2.7,+(91)-8008800343 9533131544 ,"Pasupu Thota Colony, Madhura Nagar, Vijayawada - 520004", * Architects * Interior Designers * Architects For Building * Interior Designers For Office * Commercial Architects * Residence Interior Designers * Interior Designers For Kitchen * Commercial Interior Designers * Architects For Landscape * Interior Designers For Shopping Mall * 3D Interior Designers * Interior Designers For Shops * Interior Designer School * Architects For Bungalow * Interior Designers For Architect * Interior Designers For Jewellery Showroom * Interior Designers For Showroom * Interior Designers For Restaurant * Interior Designer Corporate * Interior Designers For Hotels * Interior Designers For Bungalow * Interior Designers For Apartment * Architects For Residential Less,"{'Thursday': '05:30 am - 05:30 am', 'Sunday': '05:30 am - 05:30 am', 'Monday': '05:30 am - 05:30 am', 'Saturday': '05:30 am - 05:30 am', 'Friday': '05:30 am - 05:30 am', 'Tuesday': '05:30 am - 05:30 am', 'Wednesday': '05:30 am - 05:30 am'}", 2012
69, Vastu Silpa,None,+(91)-866-2430122 +(91)-9848302804 ,"29-37-90, 2nd Floor, Eluru Road, Vijayawada - 520002, Near Vijaya Talkies", * Architects * Architects For Building * Commercial Architects * Industrial Architects * Architects For Apartment * Architects For Bungalow * Architects For Residential Less,"{'Thursday': '09:00 am - 08:00 pm', 'Sunday': 'Closed', 'Monday': '09:00 am - 08:00 pm', 'Saturday': '09:00 am - 08:00 pm', 'Friday': '09:00 am - 08:00 pm', 'Tuesday': '09:00 am - 08:00 pm', 'Wednesday': '09:00 am - 08:00 pm'}", 1995
70, G R Planners,None,+(91)-9848662429 ,"#49-1-35,1st Floor, Eluru Road, Gunadala, Vijayawada - 520004, Beside Sivalayam", * Architects * Architects For Building * Commercial Architects * Architect Interior * Architects For Hotels * Architects For Office * Architects For Hospital * Database For Architects * Architects For Residential Less,"{'Thursday': '10:00 am - 07:00 pm', 'Sunday': 'Closed', 'Monday': '10:00 am - 07:00 pm', 'Saturday': '10:00 am - 07:00 pm', 'Friday': '10:00 am - 07:00 pm', 'Tuesday': '10:00 am - 07:00 pm', 'Wednesday': '10:00 am - 07:00 pm'}", 2004
71, Gelli Ramesh Kumar M,1.0,+(91)-866-2576256 +(91)-9246476761 ,"26-20-30, Swamy Street, Gandhi Nagar, Vijayawada - 520003", * Architects * Civil Engineers * Chartered Engineers Less,"{'Thursday': '05:30 am - 05:30 am', 'Sunday': '05:30 am - 05:30 am', 'Monday': '05:30 am - 05:30 am', 'Saturday': '05:30 am - 05:30 am', 'Friday': '05:30 am - 05:30 am', 'Tuesday': '05:30 am - 05:30 am', 'Wednesday': '05:30 am - 05:30 am'}",
72, Ramarao T Gandhinagar,None,+(91)-866-2575541 ,"Gnanolive Street, Gandhi Nagar, Vijayawada - 520003"," * Architects
 Less","{'Thursday': '05:30 am - 05:30 am', 'Sunday': '05:30 am - 05:30 am', 'Monday': '05:30 am - 05:30 am', 'Saturday': '05:30 am - 05:30 am', 'Friday': '05:30 am - 05:30 am', 'Tuesday': '05:30 am - 05:30 am', 'Wednesday': '05:30 am - 05:30 am'}",
73, Sarojini Associates,None,+(91)-9247422963 ,"Gunadala, Vijayawada - 520004, Near Gunadala Panchayti Office", * Architects * Interior Designers * Interior Designers For Restaurant * Architects For Residential Less,"{'Thursday': '09:30 am - 06:30 pm', 'Sunday': 'Closed', 'Monday': '09:30 am - 06:30 pm', 'Saturday': '09:30 am - 06:30 pm', 'Friday': '09:30 am - 06:30 pm', 'Tuesday': '09:30 am - 06:30 pm', 'Wednesday': '09:30 am - 06:30 pm'}", 2010
74, Sirisha Mente,None,+(91)-866-3251408 +(91)-9441908382 ,"Flat N0303 Pavuluriplaza Gunadala Vijayawada, Gunadala, Vijayawada - 520004", * Architects * Architects For Building * Commercial Architects * Architects For Bungalow * Architects For Residential Less,"{'Thursday': '10:00 am - 06:30 pm', 'Sunday': 'Closed', 'Monday': '10:00 am - 06:30 pm', 'Saturday': '10:00 am - 06:30 pm', 'Friday': '10:00 am - 06:30 pm', 'Tuesday': '10:00 am - 06:30 pm', 'Wednesday': '10:00 am - 06:30 pm'}",
75, Sridhar Babu Linga,None,+(91)-9394110092 ,"59- 15-6 Bhadraiah Nagar Patamata, Patamata, Vijayawada - 520010", * Architects * Architects For Building * Commercial Architects * Architects For Bungalow * Architects For Residential Less,"{'Thursday': '10:00 am - 06:30 pm', 'Sunday': 'Closed', 'Monday': '10:00 am - 06:30 pm', 'Saturday': '10:00 am - 06:30 pm', 'Friday': '10:00 am - 06:30 pm', 'Tuesday': '10:00 am - 06:30 pm', 'Wednesday': '10:00 am - 06:30 pm'}",
76, Tejaswi Engineers,3.0,+(91)-9849344600 ,"C 3, Vijaya Soudha Apartments, # 56-11-10, Patamata, Vijayawada - 520010, High School Road", * Architects * Architects For Building * Structural Engineering Consultants Less,"{'Thursday': '09:00 am - 08:00 pm', 'Sunday': 'Closed', 'Monday': '09:00 am - 08:00 pm', 'Saturday': '09:00 am - 08:00 pm', 'Friday': '09:00 am - 08:00 pm', 'Tuesday': '09:00 am - 08:00 pm', 'Wednesday': '09:00 am - 08:00 pm'}", 2012
77, Keerthi Naidu,3.0,+(91)-9704072387 ,"D No-20-8-10a SAI Tejesh Residency Ayodhya Nagar, Ayodya Nagar, Vijayawada - 520003", * Architects * Architects For Building * Commercial Architects * Architects For Bungalow * Architects For Residential Less,"{'Thursday': '10:00 am - 06:30 pm', 'Sunday': 'Closed', 'Monday': '10:00 am - 06:30 pm', 'Saturday': '10:00 am - 06:30 pm', 'Friday': '10:00 am - 06:30 pm', 'Tuesday': '10:00 am - 06:30 pm', 'Wednesday': '10:00 am - 06:30 pm'}",
78, Guturu Karteek,None,+(91)-866-2729134 ,"1014 Block No 10 Lotus Akash Lotus Landmark Ayodhya Nagar Vijayawada, Ayodya Nagar, Vijayawada - 520003", * Architects * Architects For Building * Commercial Architects * Architects For Bungalow * Architects For Residential Less,"{'Thursday': '10:00 am - 06:30 pm', 'Sunday': 'Closed', 'Monday': '10:00 am - 06:30 pm', 'Saturday': '10:00 am - 06:30 pm', 'Friday': '10:00 am - 06:30 pm', 'Tuesday': '10:00 am - 06:30 pm', 'Wednesday': '10:00 am - 06:30 pm'}",
79, Soham Consultants,None,+(91)-866-6532848 +(91)-9393100531 ,"26-7-17, Garikapativari Street, Gandhi Nagar, Vijayawada - 520003", * Architects * Aircraft Charter Engineers Less,"{'Thursday': '09:30 am - 06:30 pm', 'Sunday': 'Closed', 'Monday': '09:30 am - 06:30 pm', 'Saturday': '09:30 am - 06:30 pm', 'Friday': '09:30 am - 06:30 pm', 'Tuesday': '09:30 am - 06:30 pm', 'Wednesday': '09:30 am - 06:30 pm'}",
80, Royal Associates,5.0,+(91)-9849687723 ,"1st Floor, Ilapuram Lane, Gandhi Nagar, Vijayawada - 520003, Opposite Hotel Ilapuram", * Architects * Architects For Building * Commercial Architects * Architects For Temple * Architect Interior * Structural Designing Services * Architects For Landscape * Building Surveyors * Consultant Engineer Civil * Industrial Architects * Architects For Office * Architects For Resorts * Architects For Bungalow * Architects For Apartment * Architects For Church * Architects For Schools * Architects For Restaurant * Architects For Hospital * Architects For Residential Less,"{'Thursday': '10:00 am - 09:00 pm', 'Sunday': '10:00 am - 09:00 pm', 'Monday': '10:00 am - 09:00 pm', 'Saturday': '10:00 am - 09:00 pm', 'Friday': '10:00 am - 09:00 pm', 'Tuesday': '10:00 am - 09:00 pm', 'Wednesday': '10:00 am - 09:00 pm'}", 2006
81, Vinay Sagar Kommini,None,+(91)-9490251515 ,"Pandit Jawaharlal Nehru Road, Vijayawada - 520001", * Architects * Architects For Building * Architects For Residential * Commercial Architects * Architects For Office Less,"{'Thursday': '10:00 am - 06:30 pm', 'Sunday': 'Closed', 'Monday': '10:00 am - 06:30 pm', 'Saturday': '10:00 am - 06:30 pm', 'Friday': '10:00 am - 06:30 pm', 'Tuesday': '10:00 am - 06:30 pm', 'Wednesday': '10:00 am - 06:30 pm'}",
82, Prasad Babu,None,+(91)-9985500614 ,"Door No 43-100-7, Singh Nagar, Vijayawada - 520015, P & T Colony", * Architects * Commercial Architects * Architects For Residential Less,"{'Thursday': '09:30 am - 06:30 pm', 'Sunday': 'Closed', 'Monday': '09:30 am - 06:30 pm', 'Saturday': '09:30 am - 06:30 pm', 'Friday': '09:30 am - 06:30 pm', 'Tuesday': '09:30 am - 06:30 pm', 'Wednesday': '09:30 am - 06:30 pm'}",
83, Green House Associates,None,+(91)-9030175615 8885556274 ,"House No 74-16-11, 1st Floor, Yanmalakuduru Lock Road, Patamata, Vijayawada - 520010, Opposite Commercial Tax Office", * Architects * Interior Designers * Civil Engineers * Architects For Building * Placement Services For Architect (Candidate) * Structural Engineers * Interior Designers For Office * Interior Designers For Institution * Commercial Architects * Architects For Temple * Residence Interior Designers * Architect Interior * Interior Designers For Kitchen * Civil Engineer Contractor * Structural Designing Services * Commercial Interior Designers * Associations Of Architects * Architects For Landscape * Structural Consultants * Structural Engineering Consultants * Interior Designers For Furniture * Interior Designers For Shops * Interior Designer School * Industrial Architects * Architects For Office * Architects For Hotels * Architects For Resorts * Interior Designers For Wall * Institutes For Computer Interior Designers * Architects For Bungalow * Architects For Schools * Architects For Church * Architects For Restaurant * Interior Designers For Restaurant * Architect Designer * Architects For Hospital * Architects For Auditorium * Architects For Residential Less,"{'Thursday': '09:00 am - 09:00 pm', 'Sunday': 'Closed', 'Monday': '09:00 am - 09:00 pm', 'Saturday': '09:00 am - 09:00 pm', 'Friday': '09:00 am - 09:00 pm', 'Tuesday': '09:00 am - 09:00 pm', 'Wednesday': '09:00 am - 09:00 pm'}", 2011
84, Ratnadhar Infra Pvt Ltd,5.0,+(91)-866-6580666 +(91)-9052086446 ,"Flat No C5, Sai Sowmya Residency, Pinnamaneni Teachers Colony, Kanuru, Vijayawada - 520007, Beside Mana Kalyana Vedika", * Builders * Architects * Construction Companies * Civil Contractors * Builders & Developers * Land Surveyors * Building Contractors * Interior Decorators * Architects For Building * Interior Decorators for Residences * Building Plan * Civil Contractors For Residential * Commercial Architects * Residential Builders * Architect Interior * Civil Engineer Contractor * Architects For Landscape * Commercial Builders * Government Approved Civil Contractors * Interior Decorators For Modular Kitchen * Engineer Contractor * Architects For Residential Less,"{'Thursday': '08:00 am - 09:00 pm', 'Sunday': '08:00 am - 09:00 pm', 'Monday': '08:00 am - 09:00 pm', 'Saturday': '08:00 am - 09:00 pm', 'Friday': '08:00 am - 09:00 pm', 'Tuesday': '08:00 am - 09:00 pm', 'Wednesday': '08:00 am - 09:00 pm'}", 1995
85, Kanna Babu Rao,None,+(91)-866-2586219 ,"D No74-6-9 Plot N0181 1st Floor, Ayyappa Nagar, Vijayawada - 520007, Opp Balavignam Public School", * Architects * Architects For Building * Commercial Architects * Architects For Bungalow * Architects For Residential Less,"{'Thursday': '10:00 am - 06:30 pm', 'Sunday': 'Closed', 'Monday': '10:00 am - 06:30 pm', 'Saturday': '10:00 am - 06:30 pm', 'Friday': '10:00 am - 06:30 pm', 'Tuesday': '10:00 am - 06:30 pm', 'Wednesday': '10:00 am - 06:30 pm'}",
86, Phani Kumar S,None,+(91)-9533577255 ,"Vidyadharapuram, Vijayawada - 520012, K K Nagar", * Architects * Architects For Building * Commercial Architects * Architects For Office * Architects For Apartment * Architects For Bungalow * Architects For Residential Less,"{'Thursday': '10:00 am - 08:00 pm', 'Sunday': '10:00 am - 08:00 pm', 'Monday': '10:00 am - 08:00 pm', 'Saturday': '10:00 am - 08:00 pm', 'Friday': '10:00 am - 08:00 pm', 'Tuesday': '10:00 am - 08:00 pm', 'Wednesday': '10:00 am - 08:00 pm'}", 2005
87, Shreevans Associates,5.0,+(91)-8121564774 ,"Saradhi Enclave, Eluru Road, Ring Road, Vijayawada - 520008, Near Model Village,Above Good Morning Cafe", * Architects * Architects For Building * Commercial Architects * Architects For Landscape * Architects For Residential Less,"{'Thursday': '10:00 am - 07:00 pm', 'Sunday': '10:00 am - 07:00 pm', 'Monday': '10:00 am - 07:00 pm', 'Saturday': '10:00 am - 07:00 pm', 'Friday': '10:00 am - 07:00 pm', 'Tuesday': '10:00 am - 07:00 pm', 'Wednesday': '10:00 am - 07:00 pm'}", 2015
88, Ramakrishna Associates,5.0,+(91)-9246497562 ,"Shop No 11- 25 -365 , Vijayawada - 520001, Samarangam Chowk", * Architects * Civil Engineers Less,{},
89, Bharathi Planners,5.0,+(91)-8143131343 ,"#10-58, Bundar Road, Ashok Nagar, Vijayawada - 520007, Beside Maszid,Opp Kalanikethan Godown", * Architects * Architects For Building * Architectures * Commercial Architects * Building Elevation Works * Architectural Model Makers * Architect Interior * Industrial Architects * Architects For Hotels * Architectural Drawing 3D * Architect Designer * Architects For Residential Less,"{'Thursday': '09:00 am - 08:00 pm', 'Sunday': 'Closed', 'Monday': '09:00 am - 08:00 pm', 'Saturday': '09:00 am - 08:00 pm', 'Friday': '09:00 am - 08:00 pm', 'Tuesday': '09:00 am - 08:00 pm', 'Wednesday': '09:00 am - 08:00 pm'}", 2015
90, Siva Ram Architect,None,,"House No 7-100, Ashok Nagar, Vijayawada - 520007, Mythri Nagar,Kunuru Penamaluru, Mandalam"," * Architects
 Less","{'Thursday': '10:00 am - 08:00 pm', 'Sunday': 'Closed', 'Monday': '10:00 am - 08:00 pm', 'Saturday': '10:00 am - 08:00 pm', 'Friday': '10:00 am - 08:00 pm', 'Tuesday': '10:00 am - 08:00 pm', 'Wednesday': '10:00 am - 08:00 pm'}",
91, Pardhu Kamineni,None,+(91)-866-6572505 +(91)-9885191699 ,"Door No9-133 Gaddam Rathiah Street Ashok Nagar, Ashok Nagar, Vijayawada - 520007", * Architects * Architects For Building * Commercial Architects * Architects For Bungalow * Architects For Residential Less,"{'Thursday': '10:00 am - 06:30 pm', 'Sunday': 'Closed', 'Monday': '10:00 am - 06:30 pm', 'Saturday': '10:00 am - 06:30 pm', 'Friday': '10:00 am - 06:30 pm', 'Tuesday': '10:00 am - 06:30 pm', 'Wednesday': '10:00 am - 06:30 pm'}",
92, Vamsee Associates,None,,"D. No: 9-116, Vijayawada, Ashoknagar, M G Road, Ashok Nagar, Vijayawada - 520007, Near Coastal Bank", * Architects * ArchitectsEngineers Less,"{'Thursday': '10:00 am - 09:00 pm', 'Sunday': 'Closed', 'Monday': '10:00 am - 09:00 pm', 'Saturday': '10:00 am - 09:00 pm', 'Friday': '10:00 am - 09:00 pm', 'Tuesday': '10:00 am - 09:00 pm', 'Wednesday': '10:00 am - 09:00 pm'}",
93, Meduri Consultants,None,+(91)-9490120075 9573507135 ,"House No 1-9-286/2/4/5, Vidyanagar, Vijayawada - 520001", * Interior Designers * Architects * Architects For Building * Commercial Architects * Architects For Landscape * Architects For Hotels * Architects For Resorts * Architects For Bungalow * Architects For Hospital * Architects For Factory * Architects For Departmental Store * Architects For Bank * Architects For Spa * Architects For Residential Less,"{'Thursday': '12:00 am - 11:59 pm', 'Sunday': '12:00 am - 11:59 pm', 'Monday': '12:00 am - 11:59 pm', 'Saturday': '12:00 am - 11:59 pm', 'Friday': '12:00 am - 11:59 pm', 'Tuesday': '12:00 am - 11:59 pm', 'Wednesday': '12:00 am - 11:59 pm'}", 2009
94, Lakshmi Prasanna Pvt Ltd,None,+(91)-9985758030 8885758030 ,"Door No 40-16/1/23, Bunder Road-Vijayawada HO, Vijayawada - 520001, Near Hotel Kandhari", * Architects * Architects For Building * Commercial Architects * Architects For Landscape * Architects For Residential Less,"{'Thursday': '10:00 am - 06:00 pm', 'Sunday': 'Closed', 'Monday': '10:00 am - 06:00 pm', 'Saturday': '10:00 am - 06:00 pm', 'Friday': '10:00 am - 06:00 pm', 'Tuesday': '10:00 am - 06:00 pm', 'Wednesday': '10:00 am - 06:00 pm'}", 2012
95, Kiran Kumar Bonda,None,+(91)-9393844522 9963482610 ,"D No21-5-5 3rd Floor Sri Durga Enclave, Mutyalampadu Vijayawada, Vijayawada - 520001", * Architects * Architects For Building * Commercial Architects * Architects For Bungalow * Architects For Residential Less,"{'Thursday': '10:00 am - 06:30 pm', 'Sunday': 'Closed', 'Monday': '10:00 am - 06:30 pm', 'Saturday': '10:00 am - 06:30 pm', 'Friday': '10:00 am - 06:30 pm', 'Tuesday': '10:00 am - 06:30 pm', 'Wednesday': '10:00 am - 06:30 pm'}",
96, Dominic Leonard Harper,None,+(91)-9246412082 ,"12-2-275 Bro Road, Vijayawada - 520001", * Architects * Architects For Building * Commercial Architects * Architects For Bungalow * Architects For Residential Less,"{'Thursday': '10:00 am - 06:30 pm', 'Sunday': 'Closed', 'Monday': '10:00 am - 06:30 pm', 'Saturday': '10:00 am - 06:30 pm', 'Friday': '10:00 am - 06:30 pm', 'Tuesday': '10:00 am - 06:30 pm', 'Wednesday': '10:00 am - 06:30 pm'}",
97, Ummulkhair Shabana,None,+(91)-866-2852050 ,"Grid Colonyqtr Noc-5 Nunnavijayawada Rural Vijayawada, Vijayawada - 520001", * Architects * Commercial Architects * Architects For Bungalow * Architects For Residential Less,{},
98, Yogesh Parekh,None,+(91)-866-2483820 +(91)-7702888177 ,"Plot No 60-4-5, Flat No 2, 1st Floor, Madhumati Appartment, Vijayawada - 520001, Technical Nagar", * Architects * Architects For Building * Commercial Architects * Architects For Hotels * Architects For Office * Architects For Bungalow * Architects For Showroom * Architects For Stadium * Architects For Residential Less,"{'Thursday': '05:30 pm - 08:00 pm', 'Sunday': 'Closed', 'Monday': '05:30 pm - 08:00 pm', 'Saturday': '05:30 pm - 08:00 pm', 'Friday': '05:30 pm - 08:00 pm', 'Tuesday': '05:30 pm - 08:00 pm', 'Wednesday': '05:30 pm - 08:00 pm'}", 2012
99, Ghanta Vivekananda Swamy,None,+(91)-866-2451669 +(91)-9849083919 ,"Adarsh Apartments, Vijayawada - 520001, Opposite Road Stella College, Near 5 Bus Route", * Architects * Architects For Building * Commercial Architects * Architects For Bungalow * Architects For Residential Less,"{'Thursday': '10:00 am - 06:30 pm', 'Sunday': 'Closed', 'Monday': '10:00 am - 06:30 pm', 'Saturday': '10:00 am - 06:30 pm', 'Friday': '10:00 am - 06:30 pm', 'Tuesday': '10:00 am - 06:30 pm', 'Wednesday': '10:00 am - 06:30 pm'}", 1972
